Subject,Predicate,Object,sbjExtensionRarity,objExtensionRarity,subjectDegree,objectDegree
"Pablo Picasso",spouse,"Olga Khokhlova",8.149959250203749E-5,4.0749796251018746E-5,1.7509354372573548E-6,3.924816220480476E-5
"Pablo Picasso",spouse,"Jacqueline Roque",8.149959250203749E-5,4.0749796251018746E-5,1.7509354372573548E-6,2.2427521259888434E-5
"Ahmed Benyahia",influencedBy,"Pablo Picasso",9.300595238095238E-5,6.055430740169877E-5,8.00427628460505E-6,0.002743675595238095
"Marcel Mouly",training,"Pablo Picasso",6.235709831635835E-4,6.055430740169877E-5,1.60085525692101E-5,2.0785699438786114E-4
"Dick Bruna",influencedBy,"Pablo Picasso",2.7901785714285713E-4,6.055430740169877E-5,1.760940782613111E-4,0.002743675595238095
"Kurt Oscar Weber",influencedBy,"Pablo Picasso",1.8601190476190475E-4,6.055430740169877E-5,1.3507216230271022E-5,0.002743675595238095
"Roger Ing",influencedBy,"Pablo Picasso",2.3251488095238094E-4,6.055430740169877E-5,1.7509354372573547E-5,0.002743675595238095
"Byron Galvez",influencedBy,"Pablo Picasso",2.3251488095238094E-4,6.055430740169877E-5,1.6508819836997916E-5,0.002743675595238095
"Rodolfo Nieto",influencedBy,"Pablo Picasso",1.3950892857142856E-4,6.055430740169877E-5,2.2011759782663887E-5,0.002743675595238095
"Gary Komarin",influencedBy,"Pablo Picasso",3.255208333333333E-4,6.055430740169877E-5,1.2506681694695391E-5,0.002743675595238095
"Picasso",wikiPageRedirects,"Pablo Picasso",1.6734289932283022E-7,6.055430740169877E-5,1.0005345355756313E-6,4.8529440803620765E-6
"Antonia Gerstacker",influencedBy,"Pablo Picasso",3.255208333333333E-4,6.055430740169877E-5,2.6013897924966413E-5,0.002743675595238095
"Aung Soe",influencedBy,"Pablo Picasso",2.7901785714285713E-4,6.055430740169877E-5,1.6508819836997916E-5,0.002743675595238095
"Dorothy Annan",influencedBy,"Pablo Picasso",4.650297619047619E-5,6.055430740169877E-5,1.9010156175936996E-5,0.002743675595238095
"David Smith (sculptor)",influencedBy,"Pablo Picasso",9.300595238095238E-5,6.055430740169877E-5,1.0805772984216817E-4,0.002743675595238095
"John D. Graham",influencedBy,"Pablo Picasso",9.300595238095238E-5,6.055430740169877E-5,8.404490098835303E-5,0.002743675595238095
"Stanley William Hayter",influenced,"Pablo Picasso",0.0010328638497652581,6.055430740169877E-5,1.6458793110219134E-4,4.6948356807511736E-4
"César Baldaccini",influencedBy,"Pablo Picasso",1.3950892857142856E-4,6.055430740169877E-5,1.4857937853298125E-4,0.002743675595238095
"Aung Khin",influencedBy,"Pablo Picasso",1.3950892857142856E-4,6.055430740169877E-5,1.4507750765846654E-5,0.002743675595238095
"Ilene Meyer",influencedBy,"Pablo Picasso",9.300595238095238E-5,6.055430740169877E-5,8.504543552392866E-6,0.002743675595238095
"Alexandra Nechita",influencedBy,"Pablo Picasso",4.650297619047619E-5,6.055430740169877E-5,6.303367574126477E-5,0.002743675595238095
"Piet Mondrian",influencedBy,"Pablo Picasso",2.3251488095238094E-4,6.055430740169877E-5,3.9621167608795E-4,0.002743675595238095
"Maurice Cloud",influencedBy,"Pablo Picasso",1.3950892857142856E-4,6.055430740169877E-5,8.00427628460505E-6,0.002743675595238095
"Joan Miró",influencedBy,"Pablo Picasso",1.8601190476190475E-4,6.055430740169877E-5,2.82150739032328E-4,0.002743675595238095
"Jean Auguste Dominique Ingres",influenced,"Pablo Picasso",3.755868544600939E-4,6.055430740169877E-5,2.82150739032328E-4,4.6948356807511736E-4
"Roberto Cueva del Río",influencedBy,"Pablo Picasso",1.8601190476190475E-4,6.055430740169877E-5,2.9015501531693307E-5,0.002743675595238095
"James Kelsey (sculptor)",influencedBy,"Pablo Picasso",1.3950892857142856E-4,6.055430740169877E-5,1.7509354372573547E-5,0.002743675595238095
"Norman Ollestad",influencedBy,"Pablo Picasso",0.0010695684523809525,6.055430740169877E-5,5.7030468527810984E-5,0.002743675595238095
"Gertrude Stein",influencedBy,"Pablo Picasso",1.8601190476190475E-4,6.055430740169877E-5,4.742533698628492E-4,0.002743675595238095
"Claudio Bravo (painter)",influencedBy,"Pablo Picasso",4.650297619047619E-4,6.055430740169877E-5,1.7409300919015984E-4,0.002743675595238095
"Ellsworth Kelly",influencedBy,"Pablo Picasso",2.7901785714285713E-4,6.055430740169877E-5,2.2512027050451705E-4,0.002743675595238095
"Alejandro Obregón",influencedBy,"Pablo Picasso",9.300595238095238E-5,6.055430740169877E-5,5.252806311772064E-5,0.002743675595238095
"Paul Cézanne",influenced,"Pablo Picasso",4.6948356807511736E-4,6.055430740169877E-5,3.421828111668659E-4,4.6948356807511736E-4
"Christo Coetzee",influencedBy,"Pablo Picasso",3.255208333333333E-4,6.055430740169877E-5,1.8509888908149177E-5,0.002743675595238095
"Jackson Pollock",influencedBy,"Pablo Picasso",1.3950892857142856E-4,6.055430740169877E-5,4.1422129772831134E-4,0.002743675595238095
"Noel Rockmore",influencedBy,"Pablo Picasso",1.3950892857142856E-4,6.055430740169877E-5,3.251737240620802E-5,0.002743675595238095
"Charles Sheeler",influencedBy,"Pablo Picasso",1.3950892857142856E-4,6.055430740169877E-5,4.0421595237255504E-4,0.002743675595238095
"Louise Nevelson",influencedBy,"Pablo Picasso",2.7901785714285713E-4,6.055430740169877E-5,1.8009621640361362E-4,0.002743675595238095
"Georges Braque",influencedBy,"Pablo Picasso",3.255208333333333E-4,6.055430740169877E-5,2.7014432460542045E-4,0.002743675595238095
"Max Shertz",influencedBy,"Pablo Picasso",1.3950892857142856E-4,6.055430740169877E-5,1.1005879891331944E-5,0.002743675595238095
"Karel Appel",influencedBy,"Pablo Picasso",1.3950892857142856E-4,6.055430740169877E-5,2.581379101785129E-4,0.002743675595238095
"Jules Halfant",influencedBy,"Pablo Picasso",1.8601190476190475E-4,6.055430740169877E-5,1.0005345355756313E-5,0.002743675595238095
"Roland Penrose",influencedBy,"Pablo Picasso",9.300595238095238E-5,6.055430740169877E-5,7.704115923932361E-5,0.002743675595238095
"Soraida Martinez",influencedBy,"Pablo Picasso",1.3950892857142856E-4,6.055430740169877E-5,9.505078087968498E-6,0.002743675595238095
"Mario Prassinos",influencedBy,"Pablo Picasso",9.300595238095238E-5,6.055430740169877E-5,1.3257082596377113E-4,0.002743675595238095
"Sarah Stein",influencedBy,"Pablo Picasso",1.3950892857142856E-4,6.055430740169877E-5,1.1005879891331944E-5,0.002743675595238095
"Ronnie Landfield",influencedBy,"Pablo Picasso",3.255208333333333E-4,6.055430740169877E-5,2.7014432460542043E-5,0.002743675595238095
"Merton Simpson",influencedBy,"Pablo Picasso",2.7901785714285713E-4,6.055430740169877E-5,1.2006414426907576E-5,0.002743675595238095
"Joan Glass",influencedBy,"Pablo Picasso",1.3950892857142856E-4,6.055430740169877E-5,9.004810820180681E-6,0.002743675595238095
"Clifton Pugh",influencedBy,"Pablo Picasso",9.300595238095238E-5,6.055430740169877E-5,2.9015501531693307E-5,0.002743675595238095
"Jan Matulka",influencedBy,"Pablo Picasso",4.650297619047619E-5,6.055430740169877E-5,1.951042344372481E-5,0.002743675595238095
"Wilhelmina Weber Furlong",influencedBy,"Pablo Picasso",2.7901785714285713E-4,6.055430740169877E-5,3.7019777816298355E-5,0.002743675595238095
"Olga Khokhlova",spouse,"Pablo Picasso",4.0749796251018746E-5,6.055430740169877E-5,9.104864273738244E-5,4.0749796251018746E-5
"Monique Mayère",influencedBy,"Pablo Picasso",4.650297619047619E-4,6.055430740169877E-5,1.5508285301422286E-5,0.002743675595238095
"Paul Gauguin",influenced,"Pablo Picasso",2.8169014084507044E-4,6.055430740169877E-5,2.581379101785129E-4,4.6948356807511736E-4
"Dora Maar",knownFor,"Pablo Picasso",7.174887892376682E-5,6.055430740169877E-5,1.3207055869598333E-4,3.587443946188341E-5
"Alfred Jarry",influenced,"Pablo Picasso",7.511737089201878E-4,6.055430740169877E-5,2.4763229755496875E-4,4.6948356807511736E-4
"Paloma Picasso",parent,"Pablo Picasso",8.763473841030585E-5,6.055430740169877E-5,9.505078087968498E-5,4.3817369205152925E-5
"Helmut Kolle",influencedBy,"Pablo Picasso",9.300595238095238E-5,6.055430740169877E-5,3.251737240620802E-5,0.002743675595238095
"Bunny Matthews",influencedBy,"Pablo Picasso",1.3950892857142856E-4,6.055430740169877E-5,1.0505612623544128E-5,0.002743675595238095
"Jazzamoart",influencedBy,"Pablo Picasso",1.3950892857142856E-4,6.055430740169877E-5,9.004810820180681E-6,0.002743675595238095
"Federico Castellón",influencedBy,"Pablo Picasso",2.3251488095238094E-4,6.055430740169877E-5,3.301763967399583E-5,0.002743675595238095
"José de Almada Negreiros",influencedBy,"Pablo Picasso",1.3950892857142856E-4,6.055430740169877E-5,1.2306574787580266E-4,0.002743675595238095
"Ben Shahn",influencedBy,"Pablo Picasso",3.720238095238095E-4,6.055430740169877E-5,3.161689132418995E-4,0.002743675595238095
"Wifredo Lam",influencedBy,"Pablo Picasso",9.300595238095238E-5,6.055430740169877E-5,1.2006414426907575E-4,0.002743675595238095
"Gillian Wearing",influencedBy,"Pablo Picasso",4.650297619047619E-5,6.055430740169877E-5,1.1005879891331944E-5,0.002743675595238095
"Russ Warren",influencedBy,"Pablo Picasso",4.650297619047619E-5,6.055430740169877E-5,7.5040090168172345E-6,0.002743675595238095
"Jean-Michel Basquiat",influencedBy,"Pablo Picasso",2.3251488095238094E-4,6.055430740169877E-5,3.481860183803197E-4,0.002743675595238095
"Federico Cantú Garza",influencedBy,"Pablo Picasso",9.300595238095238E-5,6.055430740169877E-5,1.0505612623544128E-4,0.002743675595238095
"Francis Picabia",influencedBy,"Pablo Picasso",1.3950892857142856E-4,6.055430740169877E-5,2.3412508132469772E-4,0.002743675595238095
"Vincent van Gogh",influencedBy,"Jean-François Millet",2.3251488095238094E-4,2.3251488095238094E-4,3.7520045084086172E-6,4.978909719695233E-4
"Vincent van Gogh",influenced,"Wassily Kandinsky",4.6948356807511736E-4,1.8779342723004695E-4,3.7520045084086172E-6,8.208472781119167E-4
"Vincent van Gogh",influenced,"Henri Matisse",4.6948356807511736E-4,2.8169014084507044E-4,3.7520045084086172E-6,0.002624019987406947
"Vincent van Gogh",influencedBy,"Rembrandt",2.3251488095238094E-4,0.0013485863095238095,3.7520045084086172E-6,0.002031933426145892
"Vincent van Gogh",influencedBy,"Eugène Delacroix",2.3251488095238094E-4,2.7901785714285713E-4,3.7520045084086172E-6,0.0010092384566949796
"Vincent van Gogh",influenced,"Emil Nolde",4.6948356807511736E-4,9.389671361502347E-5,3.7520045084086172E-6,1.7493466582712978E-4
"Vincent van Gogh",training,"Anton Mauve",2.0785699438786114E-4,2.0785699438786114E-4,3.7520045084086172E-6,7.849632440960952E-5
"Vincent van Gogh",influenced,"Émile Bernard",4.6948356807511736E-4,9.389671361502347E-5,3.7520045084086172E-6,1.1101623023644775E-4
"Vincent van Gogh",influenced,"Oskar Kokoschka",4.6948356807511736E-4,1.8779342723004695E-4,3.7520045084086172E-6,3.9023886992205876E-4
"Theo van Gogh (art dealer)",knownFor,"Vincent van Gogh",3.587443946188341E-5,7.345013212613463E-5,1.0455585896765347E-4,3.587443946188341E-5
"Victor Stabin",influencedBy,"Vincent van Gogh",2.7901785714285713E-4,7.345013212613463E-5,1.1005879891331944E-5,0.0011160714285714285
"Joan Mitchell",influencedBy,"Vincent van Gogh",3.255208333333333E-4,7.345013212613463E-5,1.4007483498058837E-4,0.0011160714285714285
"Dick Bruna",influencedBy,"Vincent van Gogh",2.7901785714285713E-4,7.345013212613463E-5,1.760940782613111E-4,0.0011160714285714285
"Roger Ing",influencedBy,"Vincent van Gogh",2.3251488095238094E-4,7.345013212613463E-5,1.7509354372573547E-5,0.0011160714285714285
"Hayley Lever",influencedBy,"Vincent van Gogh",4.650297619047619E-5,7.345013212613463E-5,2.9515768799481123E-5,0.0011160714285714285
"Annette P. Jimerson",influencedBy,"Vincent van Gogh",1.3950892857142856E-4,7.345013212613463E-5,1.2006414426907576E-5,0.0011160714285714285
"Antonia Gerstacker",influencedBy,"Vincent van Gogh",3.255208333333333E-4,7.345013212613463E-5,2.6013897924966413E-5,0.0011160714285714285
"Aung Khin",influencedBy,"Vincent van Gogh",1.3950892857142856E-4,7.345013212613463E-5,1.4507750765846654E-5,0.0011160714285714285
"Henri Matisse",influencedBy,"Vincent van Gogh",2.3251488095238094E-4,7.345013212613463E-5,5.102726131435719E-4,0.0011160714285714285
"Arman",influencedBy,"Vincent van Gogh",2.7901785714285713E-4,7.345013212613463E-5,1.951042344372481E-4,0.0011160714285714285
"Alexis Preller",influencedBy,"Vincent van Gogh",9.300595238095238E-5,7.345013212613463E-5,1.8009621640361362E-5,0.0011160714285714285
"Israel Tsvaygenbaum",influencedBy,"Vincent van Gogh",1.3950892857142856E-4,7.345013212613463E-5,9.90529190219875E-5,0.0011160714285714285
"Hadaa Sendoo",influencedBy,"Vincent van Gogh",2.7901785714285713E-4,7.345013212613463E-5,6.303367574126477E-5,0.0011160714285714285
"Vincent Van Gogh",wikiPageRedirects,"Vincent van Gogh",1.6734289932283022E-7,7.345013212613463E-5,1.0005345355756313E-6,3.1795150871337745E-6
"Subhash Awchat",influencedBy,"Vincent van Gogh",4.650297619047619E-5,7.345013212613463E-5,6.003207213453788E-6,0.0011160714285714285
"Chuck Connelly",influencedBy,"Vincent van Gogh",1.3950892857142856E-4,7.345013212613463E-5,1.5508285301422286E-5,0.0011160714285714285
"Adolphe Joseph Thomas Monticelli",influenced,"Vincent van Gogh",9.389671361502347E-5,7.345013212613463E-5,1.1556173885898541E-4,1.8779342723004695E-4
"Maggie Laubser",influencedBy,"Vincent van Gogh",2.7901785714285713E-4,7.345013212613463E-5,1.4507750765846654E-5,0.0011160714285714285
"Ai Qing",influencedBy,"Vincent van Gogh",2.3251488095238094E-4,7.345013212613463E-5,1.850988890814918E-4,0.0011160714285714285
"Anton Mauve",influenced,"Vincent van Gogh",9.389671361502347E-5,7.345013212613463E-5,3.2517372406208015E-4,1.8779342723004695E-4
"Purvis Young",influencedBy,"Vincent van Gogh",1.8601190476190475E-4,7.345013212613463E-5,4.002138142302525E-5,0.0011160714285714285
"Giorgio De Vincenzi",influencedBy,"Vincent van Gogh",1.3950892857142856E-4,7.345013212613463E-5,2.3012294318239518E-5,0.0011160714285714285
"Hai Zi",influencedBy,"Vincent van Gogh",2.3251488095238094E-4,7.345013212613463E-5,2.4012828853815152E-5,0.0011160714285714285
"Joan Glass",influencedBy,"Vincent van Gogh",1.3950892857142856E-4,7.345013212613463E-5,9.004810820180681E-6,0.0011160714285714285
"Dav Pilkey",influencedBy,"Vincent van Gogh",2.3251488095238094E-4,7.345013212613463E-5,5.252806311772064E-5,0.0011160714285714285
"Van Gogh",wikiPageRedirects,"Vincent van Gogh",1.6734289932283022E-7,7.345013212613463E-5,1.0005345355756313E-6,3.1795150871337745E-6
"Leo Marchutz",influencedBy,"Vincent van Gogh",9.300595238095238E-5,7.345013212613463E-5,9.505078087968498E-6,0.0011160714285714285
"Bruce B. Jefferson",influencedBy,"Vincent van Gogh",2.7901785714285713E-4,7.345013212613463E-5,1.1005879891331944E-5,0.0011160714285714285
"George Orwell",influenced,"Albert Camus",0.001784037558685446,0.0012206572769953052,1.1506147159119759E-5,0.002031933426145892
"George Orwell",influencedBy,"H. G. Wells",8.370535714285714E-4,0.001720610119047619,1.1506147159119759E-5,0.003619801931345993
"George Orwell",influenced,"Andrew Sullivan",0.001784037558685446,9.389671361502347E-5,1.1506147159119759E-5,7.401082015763184E-5
"George Orwell",influenced,"Raoul Vaneigem",0.001784037558685446,3.755868544600939E-4,1.1506147159119759E-5,2.724943833076445E-4
"George Orwell",influencedBy,"Charles Dickens",8.370535714285714E-4,0.002185639880952381,1.1506147159119759E-5,0.005019279257963032
"George Orwell",influenced,"John King (author)",0.001784037558685446,9.389671361502347E-5,1.1506147159119759E-5,6.055430740169877E-5
"George Orwell",influenced,"Christopher Hitchens",0.001784037558685446,0.0013145539906103286,1.1506147159119759E-5,0.0011224974390574162
"George Orwell",influencedBy,"Leon Trotsky",8.370535714285714E-4,2.7901785714285713E-4,1.1506147159119759E-5,0.0017639245470902254
"George Orwell",influenced,"Noam Chomsky",0.001784037558685446,7.511737089201878E-4,1.1506147159119759E-5,0.002516367885359482
"George Orwell",influenced,"Chris Hedges",0.001784037558685446,9.389671361502347E-5,1.1506147159119759E-5,1.6484228126018E-4
"George Orwell",influenced,"Joe Sacco",0.001784037558685446,9.389671361502347E-5,1.1506147159119759E-5,1.7157053763814653E-4
"George Orwell",influenced,"Glenn Greenwald",0.001784037558685446,9.389671361502347E-5,1.1506147159119759E-5,5.0461922834748976E-5
"George Orwell",influencedBy,"Émile Zola",8.370535714285714E-4,0.001209077380952381,1.1506147159119759E-5,0.00197810737512216
"George Orwell",influencedBy,"Jonathan Swift",8.370535714285714E-4,0.0010230654761904762,1.1506147159119759E-5,0.001116890558742444
"George Orwell",influenced,"Kurt Vonnegut",0.001784037558685446,7.511737089201878E-4,1.1506147159119759E-5,0.0025701939363832146
"George Orwell",influencedBy,"Tom Wintringham",8.370535714285714E-4,4.650297619047619E-5,1.1506147159119759E-5,1.5699264881921904E-5
"George Orwell",influencedBy,"Gustave Flaubert",8.370535714285714E-4,0.0018136160714285715,1.1506147159119759E-5,0.0014936729159085696
"George Orwell",influencedBy,"Fyodor Dostoyevsky",8.370535714285714E-4,0.0038132440476190475,1.1506147159119759E-5,0.004992366232451166
"George Orwell",influencedBy,"Arthur Koestler",8.370535714285714E-4,9.300595238095238E-5,1.1506147159119759E-5,6.055430740169877E-4
"George Orwell",influencedBy,"Upton Sinclair",8.370535714285714E-4,9.300595238095238E-5,1.1506147159119759E-5,0.0012514556863017746
"George Orwell",influenced,"Johann Hari",0.001784037558685446,1.8779342723004695E-4,1.1506147159119759E-5,3.700541007881592E-5
"George Orwell",influencedBy,"Henry Fielding",8.370535714285714E-4,2.7901785714285713E-4,1.1506147159119759E-5,5.786300485051216E-4
"George Orwell",influencedBy,"James Joyce",8.370535714285714E-4,0.004417782738095238,1.1506147159119759E-5,0.004050410339535852
"George Orwell",influencedBy,"Jack London",8.370535714285714E-4,8.370535714285714E-4,1.1506147159119759E-5,0.0017089771200034987
"George Orwell",influenced,"Thomas Pynchon",0.001784037558685446,0.0011267605633802818,1.1506147159119759E-5,0.001547498966932302
"George Orwell",influencedBy,"Aldous Huxley",8.370535714285714E-4,4.650297619047619E-4,1.1506147159119759E-5,0.0012514556863017746
"George Orwell",spouse,"Eileen O'Shaughnessy",8.149959250203749E-5,4.0749796251018746E-5,1.1506147159119759E-5,1.5699264881921904E-5
"George Orwell",influenced,"Cory Doctorow",0.001784037558685446,1.8779342723004695E-4,1.1506147159119759E-5,8.208472781119167E-4
"George Orwell",influencedBy,"W. Somerset Maugham",8.370535714285714E-4,9.300595238095238E-5,1.1506147159119759E-5,0.0015205859414204358
"George Orwell",influenced,"Anthony Burgess",0.001784037558685446,7.511737089201878E-4,1.1506147159119759E-5,0.0012783687118136408
"George Orwell",influenced,"Michael Crichton",0.001784037558685446,9.389671361502347E-5,1.1506147159119759E-5,0.002247237630240821
"George Orwell",influenced,"Margaret Atwood",0.001784037558685446,8.450704225352113E-4,1.1506147159119759E-5,0.0013052817373255068
"George Orwell",influenced,"Ignazio Silone",0.001784037558685446,9.389671361502347E-5,1.1506147159119759E-5,1.2335136692938638E-4
"George Orwell",influenced,"Ray Bradbury",0.001784037558685446,0.0011267605633802818,1.1506147159119759E-5,0.003565975880322261
"George Orwell",influencedBy,"Leo Tolstoy",8.370535714285714E-4,0.002185639880952381,1.1506147159119759E-5,0.0043195405946545124
"George Orwell",influencedBy,"Yevgeny Zamyatin",8.370535714285714E-4,9.300595238095238E-5,1.1506147159119759E-5,7.670212270881844E-4
"George Orwell",influenced,"Peter Hitchens",0.001784037558685446,9.389671361502347E-5,1.1506147159119759E-5,9.531696535452584E-5
"George Orwell",influencedBy,"James Burnham",8.370535714285714E-4,4.650297619047619E-5,1.1506147159119759E-5,2.3548897322882857E-5
"Jack London",influenced,"George Orwell",9.389671361502347E-4,2.691302551186612E-5,6.183303429857401E-4,9.389671361502347E-4
"H. G. Wells",influenced,"George Orwell",0.0022535211267605635,2.691302551186612E-5,8.584586315238917E-4,9.389671361502347E-4
"Tobias Smollett",influenced,"George Orwell",1.8779342723004695E-4,2.691302551186612E-5,1.5508285301422286E-4,9.389671361502347E-4
"Steve Matchett",influencedBy,"George Orwell",1.3950892857142856E-4,2.691302551186612E-5,1.2506681694695391E-5,8.835565476190476E-4
"John King (author)",influencedBy,"George Orwell",9.300595238095238E-5,2.691302551186612E-5,1.7709461279688673E-4,8.835565476190476E-4
"Henry Fielding",influenced,"George Orwell",6.572769953051643E-4,2.691302551186612E-5,3.902084688744962E-4,9.389671361502347E-4
"Gustave Flaubert",influenced,"George Orwell",0.001784037558685446,2.691302551186612E-5,6.543495862664628E-4,9.389671361502347E-4
"Jones (Animal Farm)",creator,"George Orwell",4.3754101947057534E-5,2.691302551186612E-5,2.0010690711512626E-6,1.312623058411726E-4
"Mircea Nedelciu",influencedBy,"George Orwell",6.045386904761905E-4,2.691302551186612E-5,4.652485590426686E-5,8.835565476190476E-4
"Yevgeny Zamyatin",influenced,"George Orwell",2.8169014084507044E-4,2.691302551186612E-5,3.3017639673995833E-4,9.389671361502347E-4
"Napoleon (Animal Farm)",creator,"George Orwell",4.3754101947057534E-5,2.691302551186612E-5,6.003207213453788E-6,1.312623058411726E-4
"Herbert Read",influencedBy,"George Orwell",3.720238095238095E-4,2.691302551186612E-5,1.9010156175936995E-4,8.835565476190476E-4
"David Mitchell (author)",influencedBy,"George Orwell",0.0010230654761904762,2.691302551186612E-5,4.602458863647904E-4,8.835565476190476E-4
"Anthony Burgess",influencedBy,"George Orwell",8.835565476190476E-4,2.691302551186612E-5,6.303367574126477E-4,8.835565476190476E-4
"Gene Wolfe",influencedBy,"George Orwell",8.835565476190476E-4,2.691302551186612E-5,7.098792529909104E-4,8.835565476190476E-4
"Michael Crichton",influencedBy,"George Orwell",1.8601190476190475E-4,2.691302551186612E-5,2.7614753181887423E-4,8.835565476190476E-4
"William Makepeace Thackeray",influenced,"George Orwell",1.8779342723004695E-4,2.691302551186612E-5,2.2211866689779016E-4,9.389671361502347E-4
"Old Major",creator,"George Orwell",4.3754101947057534E-5,2.691302551186612E-5,4.002138142302525E-6,1.312623058411726E-4
"Daniel Defoe",influenced,"George Orwell",3.755868544600939E-4,2.691302551186612E-5,1.8609942361706743E-4,9.389671361502347E-4
"Émile Zola",influenced,"George Orwell",5.633802816901409E-4,2.691302551186612E-5,3.7820205444758864E-4,9.389671361502347E-4
"Albert Camus",influencedBy,"George Orwell",8.370535714285714E-4,2.691302551186612E-5,6.543495862664628E-4,8.835565476190476E-4
"Margaret Atwood",influencedBy,"George Orwell",6.510416666666666E-4,2.691302551186612E-5,5.522950636377485E-4,8.835565476190476E-4
"Andrzej Krauze",influencedBy,"George Orwell",3.720238095238095E-4,2.691302551186612E-5,2.2011759782663887E-5,8.835565476190476E-4
"Kurt Vonnegut",influencedBy,"George Orwell",6.045386904761905E-4,2.691302551186612E-5,6.24333550199194E-4,8.835565476190476E-4
"Noam Chomsky",influencedBy,"George Orwell",8.370535714285714E-4,2.691302551186612E-5,0.0011406093705562197,8.835565476190476E-4
"Raoul Vaneigem",influencedBy,"George Orwell",7.44047619047619E-4,2.691302551186612E-5,3.872068652677693E-4,8.835565476190476E-4
"Ray Bradbury",influencedBy,"George Orwell",8.835565476190476E-4,2.691302551186612E-5,7.443976944682697E-4,8.835565476190476E-4
"Augusto Ponzio",influencedBy,"George Orwell",0.0016276041666666667,2.691302551186612E-5,9.304971180853372E-5,8.835565476190476E-4
"Clive James",influencedBy,"George Orwell",5.115327380952381E-4,2.691302551186612E-5,5.6029933992235354E-5,8.835565476190476E-4
"Christopher Hitchens",influencedBy,"George Orwell",0.0020461309523809525,2.691302551186612E-5,8.419498116868937E-4,8.835565476190476E-4
"Donna Tartt",influencedBy,"George Orwell",4.650297619047619E-4,2.691302551186612E-5,2.1611545968433635E-4,8.835565476190476E-4
"Aldous Huxley",influenced,"George Orwell",0.0012206572769953052,2.691302551186612E-5,5.34285441997387E-4,9.389671361502347E-4
"Bill Clinton",lieutenant,"Jim Guy Tucker",0.002117148906139732,0.0014114326040931546,3.5018708745147096E-6,3.857533656700811E-4
"Bill Clinton",lieutenant,"Joe Purcell",0.002117148906139732,0.002117148906139732,3.5018708745147096E-6,6.72825637796653E-5
"Bill Clinton",governor,"Joe Purcell",8.833922261484099E-4,4.4169611307420494E-4,3.5018708745147096E-6,6.72825637796653E-5
"Bill Clinton",vicePresident,"Al Gore",0.0012903225806451613,0.005161290322580645,3.5018708745147096E-6,0.0017628031710272309
"Bill Clinton",successor,"Jim Guy Tucker",5.679478623862329E-5,7.099348279827911E-5,3.5018708745147096E-6,3.857533656700811E-4
"Bill Clinton",child,"Chelsea Clinton",9.8833761612967E-5,4.941688080648349E-4,3.5018708745147096E-6,3.823892374810978E-4
"Bill Clinton",governor,"David Pryor",8.833922261484099E-4,0.0017667844522968198,3.5018708745147096E-6,1.031665977954868E-4
"Bill Clinton",successor,"George W. Bush",5.679478623862329E-5,4.259608967896747E-5,3.5018708745147096E-6,0.01669953233011293
"Bill Clinton",successor,"Frank D. White",5.679478623862329E-5,2.8397393119311646E-5,3.5018708745147096E-6,4.934054677175455E-5
"Bill Clinton",lieutenant,"Winston Bryant",0.002117148906139732,0.002117148906139732,3.5018708745147096E-6,1.0092384566949795E-5
"Bill Clinton",spouse,"Hillary Rodham Clinton",4.0749796251018746E-5,8.149959250203749E-5,3.5018708745147096E-6,0.0025701939363832146
"David C. Fields",president,"Bill Clinton",2.972946189673967E-4,2.1418282803193454E-4,9.004810820180681E-6,0.024873649786938856
"Thomas Porteous",appointer,"Bill Clinton",6.640106241699867E-4,2.1418282803193454E-4,5.502939945665972E-6,0.0650730411686587
"William Kennard",president,"Bill Clinton",1.9819641264493112E-4,2.1418282803193454E-4,2.4012828853815152E-5,0.024873649786938856
"Glenn A. Fine",president,"Bill Clinton",2.972946189673967E-4,2.1418282803193454E-4,2.2011759782663887E-5,0.024873649786938856
"Mary Schapiro",president,"Bill Clinton",1.9819641264493112E-4,2.1418282803193454E-4,6.203314120568914E-5,0.024873649786938856
"Rahm Emanuel",president,"Bill Clinton",1.9819641264493112E-4,2.1418282803193454E-4,4.982661987166644E-4,0.024873649786938856
"Maryanne Trump Barry",appointer,"Bill Clinton",6.640106241699867E-4,2.1418282803193454E-4,2.0010690711512626E-5,0.0650730411686587
"Raymond C. Fisher",appointer,"Bill Clinton",6.640106241699867E-4,2.1418282803193454E-4,2.0010690711512626E-5,0.0650730411686587
"Terence T. Evans",appointer,"Bill Clinton",6.640106241699867E-4,2.1418282803193454E-4,1.1005879891331944E-5,0.0650730411686587
"Terry Peach",president,"Bill Clinton",9.909820632246556E-5,2.1418282803193454E-4,9.505078087968498E-6,0.024873649786938856
"R. Guy Cole, Jr.",appointer,"Bill Clinton",6.640106241699867E-4,2.1418282803193454E-4,3.001603606726894E-6,0.0650730411686587
"Sandy Berger",president,"Bill Clinton",9.909820632246556E-5,2.1418282803193454E-4,3.401817420957146E-5,0.024873649786938856
"Sean Patrick Maloney",president,"Bill Clinton",9.909820632246556E-5,2.1418282803193454E-4,4.8025657707630303E-5,0.024873649786938856
"Lee Haney",president,"Bill Clinton",9.909820632246556E-5,2.1418282803193454E-4,1.1256013525225852E-4,0.024873649786938856
"Sheila Widnall",president,"Bill Clinton",9.909820632246556E-5,2.1418282803193454E-4,7.35392883648089E-5,0.024873649786938856
"Pamela Harriman",president,"Bill Clinton",9.909820632246556E-5,2.1418282803193454E-4,1.1556173885898541E-4,0.024873649786938856
"John Negroponte",president,"Bill Clinton",3.9639282528986224E-4,2.1418282803193454E-4,6.053233940232569E-4,0.024873649786938856
"Bernard W. Nussbaum",president,"Bill Clinton",9.909820632246556E-5,2.1418282803193454E-4,1.1005879891331944E-5,0.024873649786938856
"Robert F. Hale",president,"Bill Clinton",1.9819641264493112E-4,2.1418282803193454E-4,7.5040090168172345E-6,0.024873649786938856
"Florence-Marie Cooper",appointer,"Bill Clinton",6.640106241699867E-4,2.1418282803193454E-4,7.5040090168172345E-6,0.0650730411686587
"Donna Shalala",president,"Bill Clinton",9.909820632246556E-5,2.1418282803193454E-4,8.104329738162614E-5,0.024873649786938856
"Frank R. Zapata",appointer,"Bill Clinton",6.640106241699867E-4,2.1418282803193454E-4,6.503474481241603E-6,0.0650730411686587
"Walter E. Dellinger III",president,"Bill Clinton",9.909820632246556E-5,2.1418282803193454E-4,1.9010156175936996E-5,0.024873649786938856
"Virginia Clinton Kelley",child,"Bill Clinton",1.97667523225934E-4,2.1418282803193454E-4,2.2011759782663887E-5,1.97667523225934E-4
"Mike Espy",president,"Bill Clinton",9.909820632246556E-5,2.1418282803193454E-4,6.253340847347696E-5,0.024873649786938856
"Carlos F. Lucero",appointer,"Bill Clinton",6.640106241699867E-4,2.1418282803193454E-4,4.002138142302525E-6,0.0650730411686587
"Solomon Oliver Jr.",appointer,"Bill Clinton",6.640106241699867E-4,2.1418282803193454E-4,3.5018708745147096E-6,0.0650730411686587
"Harold M. Ickes",president,"Bill Clinton",9.909820632246556E-5,2.1418282803193454E-4,1.2006414426907576E-5,0.024873649786938856
"José A. Cabranes",appointer,"Bill Clinton",6.640106241699867E-4,2.1418282803193454E-4,1.1506147159119759E-5,0.0650730411686587
"Thomas L. Ambro",appointer,"Bill Clinton",6.640106241699867E-4,2.1418282803193454E-4,4.002138142302525E-6,0.0650730411686587
"Charles R. Wilson (judge)",appointer,"Bill Clinton",6.640106241699867E-4,2.1418282803193454E-4,5.002672677878157E-6,0.0650730411686587
"Theodore H. Kattouf",president,"Bill Clinton",1.9819641264493112E-4,2.1418282803193454E-4,1.0005345355756313E-5,0.024873649786938856
"Chelsea Clinton",parent,"Bill Clinton",8.763473841030585E-5,2.1418282803193454E-4,1.0455585896765347E-4,4.3817369205152925E-5
"Joseph Edward Lake",president,"Bill Clinton",9.909820632246556E-5,2.1418282803193454E-4,8.00427628460505E-6,0.024873649786938856
"E. Allan Wendt",president,"Bill Clinton",9.909820632246556E-5,2.1418282803193454E-4,9.004810820180681E-6,0.024873649786938856
"Virginia A. Phillips",appointer,"Bill Clinton",6.640106241699867E-4,2.1418282803193454E-4,6.003207213453788E-6,0.0650730411686587
"Robert N. Chatigny",appointer,"Bill Clinton",6.640106241699867E-4,2.1418282803193454E-4,1.60085525692101E-5,0.0650730411686587
"Edward L. Romero",president,"Bill Clinton",1.9819641264493112E-4,2.1418282803193454E-4,8.00427628460505E-6,0.024873649786938856
"Richard Holbrooke",president,"Bill Clinton",2.972946189673967E-4,2.1418282803193454E-4,4.6224695543594166E-4,0.024873649786938856
"Pierre N. Leval",appointer,"Bill Clinton",6.640106241699867E-4,2.1418282803193454E-4,6.003207213453788E-6,0.0650730411686587
"David Satcher",president,"Bill Clinton",1.9819641264493112E-4,2.1418282803193454E-4,3.902084688744962E-5,0.024873649786938856
"Ray Mabus",president,"Bill Clinton",1.9819641264493112E-4,2.1418282803193454E-4,1.025547898965022E-4,0.024873649786938856
"Robert Katzmann",appointer,"Bill Clinton",6.640106241699867E-4,2.1418282803193454E-4,6.503474481241603E-6,0.0650730411686587
"Peter C. Economus",appointer,"Bill Clinton",6.640106241699867E-4,2.1418282803193454E-4,5.502939945665972E-6,0.0650730411686587
"Floyd I. Clarke",president,"Bill Clinton",9.909820632246556E-5,2.1418282803193454E-4,2.2512027050451703E-5,0.024873649786938856
"Chester J. Straub",appointer,"Bill Clinton",6.640106241699867E-4,2.1418282803193454E-4,8.00427628460505E-6,0.0650730411686587
"Paul L. Cejas",president,"Bill Clinton",9.909820632246556E-5,2.1418282803193454E-4,6.503474481241603E-6,0.024873649786938856
"Thomas M. Foglietta",president,"Bill Clinton",1.9819641264493112E-4,2.1418282803193454E-4,3.802031235187399E-5,0.024873649786938856
"Leon Panetta",president,"Bill Clinton",1.9819641264493112E-4,2.1418282803193454E-4,4.6224695543594166E-4,0.024873649786938856
"Nancy Jo Powell",president,"Bill Clinton",2.972946189673967E-4,2.1418282803193454E-4,4.102191595860088E-5,0.024873649786938856
"Kermit Lipez",appointer,"Bill Clinton",6.640106241699867E-4,2.1418282803193454E-4,9.004810820180681E-6,0.0650730411686587
"Richard Swett",president,"Bill Clinton",9.909820632246556E-5,2.1418282803193454E-4,3.301763967399583E-5,0.024873649786938856
"Napoleon A. Jones Jr.",appointer,"Bill Clinton",6.640106241699867E-4,2.1418282803193454E-4,8.504543552392866E-6,0.0650730411686587
"Carol Browner",president,"Bill Clinton",1.9819641264493112E-4,2.1418282803193454E-4,7.003741749029419E-5,0.024873649786938856
"Michael A. Sheehan",president,"Bill Clinton",1.9819641264493112E-4,2.1418282803193454E-4,1.0505612623544128E-5,0.024873649786938856
"John M. Deutch",president,"Bill Clinton",9.909820632246556E-5,2.1418282803193454E-4,5.252806311772064E-5,0.024873649786938856
"H. Lee Sarokin",appointer,"Bill Clinton",6.640106241699867E-4,2.1418282803193454E-4,9.004810820180681E-6,0.0650730411686587
"Janet Yellen",president,"Bill Clinton",1.9819641264493112E-4,2.1418282803193454E-4,1.1606200612677323E-4,0.024873649786938856
"William Cohen",president,"Bill Clinton",9.909820632246556E-5,2.1418282803193454E-4,2.881539462457818E-4,0.024873649786938856
"Kenneth S. Apfel",president,"Bill Clinton",9.909820632246556E-5,2.1418282803193454E-4,9.505078087968498E-6,0.024873649786938856
"Joseph A. Presel",president,"Bill Clinton",9.909820632246556E-5,2.1418282803193454E-4,4.002138142302525E-6,0.024873649786938856
"Darryl N. Johnson",president,"Bill Clinton",1.9819641264493112E-4,2.1418282803193454E-4,1.951042344372481E-5,0.024873649786938856
"William J. Hughes",president,"Bill Clinton",9.909820632246556E-5,2.1418282803193454E-4,7.504009016817234E-5,0.024873649786938856
"Charles Richard Stith",president,"Bill Clinton",9.909820632246556E-5,2.1418282803193454E-4,4.002138142302525E-6,0.024873649786938856
"Martin Neil Baily",president,"Bill Clinton",9.909820632246556E-5,2.1418282803193454E-4,2.8014966996117677E-5,0.024873649786938856
"Elizabeth Frawley Bagley",president,"Bill Clinton",9.909820632246556E-5,2.1418282803193454E-4,9.505078087968498E-6,0.024873649786938856
"Monroe Schwarzlose",party,"Bill Clinton",2.9098527614502704E-5,2.1418282803193454E-4,2.1011225247088257E-5,1.4549263807251352E-5
"M. Blane Michael",appointer,"Bill Clinton",6.640106241699867E-4,2.1418282803193454E-4,9.004810820180681E-6,0.0650730411686587
"William M. Daley",president,"Bill Clinton",1.9819641264493112E-4,2.1418282803193454E-4,1.435767058551031E-4,0.024873649786938856
"Thomas E. Donilon",president,"Bill Clinton",1.9819641264493112E-4,2.1418282803193454E-4,7.253875382923326E-5,0.024873649786938856
"Deval Patrick",president,"Bill Clinton",9.909820632246556E-5,2.1418282803193454E-4,1.4007483498058837E-4,0.024873649786938856
"Thomas J. Dodd, Jr.",president,"Bill Clinton",9.909820632246556E-5,2.1418282803193454E-4,5.002672677878157E-6,0.024873649786938856
"Warren Christopher",president,"Bill Clinton",2.972946189673967E-4,2.1418282803193454E-4,3.1816998231305076E-4,0.024873649786938856
"Johnnie B. Rawlinson",appointer,"Bill Clinton",6.640106241699867E-4,2.1418282803193454E-4,7.003741749029419E-6,0.0650730411686587
"Rosemary S. Pooler",appointer,"Bill Clinton",6.640106241699867E-4,2.1418282803193454E-4,9.004810820180681E-6,0.0650730411686587
"Robert Malley",president,"Bill Clinton",9.909820632246556E-5,2.1418282803193454E-4,2.4513096121602967E-5,0.024873649786938856
"Ernest Moniz",president,"Bill Clinton",9.909820632246556E-5,2.1418282803193454E-4,1.2006414426907576E-5,0.024873649786938856
"John Howard Dalton",president,"Bill Clinton",9.909820632246556E-5,2.1418282803193454E-4,1.951042344372481E-5,0.024873649786938856
"Robert Reich",president,"Bill Clinton",9.909820632246556E-5,2.1418282803193454E-4,1.7109140558343295E-4,0.024873649786938856
"Alan Blinder",president,"Bill Clinton",9.909820632246556E-5,2.1418282803193454E-4,6.0032072134537876E-5,0.024873649786938856
"Charles Ruff",president,"Bill Clinton",9.909820632246556E-5,2.1418282803193454E-4,3.0016036067268938E-5,0.024873649786938856
"James S. Gwin",appointer,"Bill Clinton",6.640106241699867E-4,2.1418282803193454E-4,3.5018708745147096E-6,0.0650730411686587
"Gerald S. McGowan",president,"Bill Clinton",9.909820632246556E-5,2.1418282803193454E-4,3.001603606726894E-6,0.024873649786938856
"Maxine M. Chesney",appointer,"Bill Clinton",6.640106241699867E-4,2.1418282803193454E-4,6.503474481241603E-6,0.0650730411686587
"Brenda Schoonover",president,"Bill Clinton",9.909820632246556E-5,2.1418282803193454E-4,5.502939945665972E-6,0.024873649786938856
"Andrew Cuomo",president,"Bill Clinton",9.909820632246556E-5,2.1418282803193454E-4,2.1611545968433635E-4,0.024873649786938856
"Jon Huntsman, Jr.",president,"Bill Clinton",2.972946189673967E-4,2.1418282803193454E-4,3.2417318952650454E-4,0.024873649786938856
"Barbara Bodine",president,"Bill Clinton",9.909820632246556E-5,2.1418282803193454E-4,1.0005345355756313E-5,0.024873649786938856
"Charles Taylor Manatt",president,"Bill Clinton",9.909820632246556E-5,2.1418282803193454E-4,1.9010156175936996E-5,0.024873649786938856
"Tim Wirth",president,"Bill Clinton",9.909820632246556E-5,2.1418282803193454E-4,7.403955563259671E-5,0.024873649786938856
"William J. Crowe",president,"Bill Clinton",2.972946189673967E-4,2.1418282803193454E-4,1.2206521334022701E-4,0.024873649786938856
"Madeleine Albright",president,"Bill Clinton",9.909820632246556E-5,2.1418282803193454E-4,3.061635678861432E-4,0.024873649786938856
"David Gergen",president,"Bill Clinton",3.9639282528986224E-4,2.1418282803193454E-4,7.203848656144545E-5,0.024873649786938856
"Helen W. Gillmor",appointer,"Bill Clinton",6.640106241699867E-4,2.1418282803193454E-4,6.503474481241603E-6,0.0650730411686587
"Joan M. Plaisted",president,"Bill Clinton",9.909820632246556E-5,2.1418282803193454E-4,9.004810820180681E-6,0.024873649786938856
"Patricia Anne Gaughan",appointer,"Bill Clinton",6.640106241699867E-4,2.1418282803193454E-4,3.5018708745147096E-6,0.0650730411686587
"Edward J. Perkins",president,"Bill Clinton",2.972946189673967E-4,2.1418282803193454E-4,7.804169377489924E-5,0.024873649786938856
"Raymond C. Fisher",president,"Bill Clinton",9.909820632246556E-5,2.1418282803193454E-4,2.0010690711512626E-5,0.024873649786938856
"Dave Freudenthal",president,"Bill Clinton",9.909820632246556E-5,2.1418282803193454E-4,9.455051361189716E-5,0.024873649786938856
"Sarah S. Vance",appointer,"Bill Clinton",6.640106241699867E-4,2.1418282803193454E-4,5.502939945665972E-6,0.0650730411686587
"Fred I. Parker",appointer,"Bill Clinton",6.640106241699867E-4,2.1418282803193454E-4,1.1005879891331944E-5,0.0650730411686587
"Richard Danzig",president,"Bill Clinton",9.909820632246556E-5,2.1418282803193454E-4,6.803634841914293E-5,0.024873649786938856
"John Garamendi",president,"Bill Clinton",9.909820632246556E-5,2.1418282803193454E-4,1.1606200612677323E-4,0.024873649786938856
"Joe Purcell",governor,"Bill Clinton",8.833922261484099E-4,2.1418282803193454E-4,6.803634841914293E-5,0.0017667844522968198
"Alexis Herman",president,"Bill Clinton",9.909820632246556E-5,2.1418282803193454E-4,1.2306574787580266E-4,0.024873649786938856
"Gene Sperling",president,"Bill Clinton",1.9819641264493112E-4,2.1418282803193454E-4,3.301763967399583E-5,0.024873649786938856
"Lino Gutierrez",president,"Bill Clinton",1.9819641264493112E-4,2.1418282803193454E-4,1.1506147159119759E-5,0.024873649786938856
"Ryan Crocker",president,"Bill Clinton",3.9639282528986224E-4,2.1418282803193454E-4,1.3507216230271022E-4,0.024873649786938856
"Brooksley Born",president,"Bill Clinton",9.909820632246556E-5,2.1418282803193454E-4,3.7019777816298355E-5,0.024873649786938856
"John E. Herbst",president,"Bill Clinton",1.9819641264493112E-4,2.1418282803193454E-4,1.1506147159119759E-5,0.024873649786938856
"Steven Karl Pifer",president,"Bill Clinton",9.909820632246556E-5,2.1418282803193454E-4,5.002672677878157E-6,0.024873649786938856
"Lyndon Lowell Olson, Jr.",president,"Bill Clinton",9.909820632246556E-5,2.1418282803193454E-4,9.004810820180681E-6,0.024873649786938856
"Jeffrey K. Harris",president,"Bill Clinton",9.909820632246556E-5,2.1418282803193454E-4,6.503474481241603E-6,0.024873649786938856
"Christopher R. Hill",president,"Bill Clinton",2.972946189673967E-4,2.1418282803193454E-4,1.0505612623544128E-4,0.024873649786938856
"Richard Kauzlarich",president,"Bill Clinton",9.909820632246556E-5,2.1418282803193454E-4,7.003741749029419E-6,0.024873649786938856
"Richard Tallman",appointer,"Bill Clinton",6.640106241699867E-4,2.1418282803193454E-4,9.004810820180681E-6,0.0650730411686587
"Jeffrey A. Bader",president,"Bill Clinton",9.909820632246556E-5,2.1418282803193454E-4,4.002138142302525E-6,0.024873649786938856
"Eric Shinseki",president,"Bill Clinton",2.972946189673967E-4,2.1418282803193454E-4,3.9170927067785964E-4,0.024873649786938856
"David A. Katz",appointer,"Bill Clinton",6.640106241699867E-4,2.1418282803193454E-4,7.5040090168172345E-6,0.0650730411686587
"David S. Tatel",appointer,"Bill Clinton",6.640106241699867E-4,2.1418282803193454E-4,5.002672677878157E-6,0.0650730411686587
"Sylvia Mathews Burwell",president,"Bill Clinton",9.909820632246556E-5,2.1418282803193454E-4,1.3006948962483206E-5,0.024873649786938856
"Peter Tarnoff",president,"Bill Clinton",9.909820632246556E-5,2.1418282803193454E-4,9.004810820180681E-6,0.024873649786938856
"Maria Echaveste",president,"Bill Clinton",9.909820632246556E-5,2.1418282803193454E-4,1.951042344372481E-5,0.024873649786938856
"Michael Daly Hawkins",appointer,"Bill Clinton",6.640106241699867E-4,2.1418282803193454E-4,9.004810820180681E-6,0.0650730411686587
"Ivan L. R. Lemelle",appointer,"Bill Clinton",6.640106241699867E-4,2.1418282803193454E-4,9.505078087968498E-6,0.0650730411686587
"Gabriel Guerra-Mondragón",president,"Bill Clinton",9.909820632246556E-5,2.1418282803193454E-4,1.0505612623544128E-5,0.024873649786938856
"Philip Lader",president,"Bill Clinton",9.909820632246556E-5,2.1418282803193454E-4,1.1005879891331944E-5,0.024873649786938856
"Minyon Moore",president,"Bill Clinton",9.909820632246556E-5,2.1418282803193454E-4,9.004810820180681E-6,0.024873649786938856
"David B. Dunn",president,"Bill Clinton",1.9819641264493112E-4,2.1418282803193454E-4,8.504543552392866E-6,0.024873649786938856
"Mack McLarty",president,"Bill Clinton",9.909820632246556E-5,2.1418282803193454E-4,7.253875382923326E-5,0.024873649786938856
"John Gleeson (judge)",appointer,"Bill Clinton",6.640106241699867E-4,2.1418282803193454E-4,5.502939945665972E-6,0.0650730411686587
"Les Aspin",president,"Bill Clinton",9.909820632246556E-5,2.1418282803193454E-4,1.435767058551031E-4,0.024873649786938856
"Frank D. White",successor,"Bill Clinton",1.4198696559655823E-5,2.1418282803193454E-4,3.6019243280722724E-5,5.679478623862329E-5
"William Clinton",wikiPageRedirects,"Bill Clinton",1.6734289932283022E-7,2.1418282803193454E-4,1.0005345355756313E-6,7.53043046952736E-6
"Kathleen McGinty",president,"Bill Clinton",9.909820632246556E-5,2.1418282803193454E-4,5.002672677878157E-6,0.024873649786938856
"Denise Cote",appointer,"Bill Clinton",6.640106241699867E-4,2.1418282803193454E-4,5.002672677878157E-6,0.0650730411686587
"William Green Miller",president,"Bill Clinton",9.909820632246556E-5,2.1418282803193454E-4,2.0010690711512626E-6,0.024873649786938856
"Newt Gingrich",president,"Bill Clinton",9.909820632246556E-5,2.1418282803193454E-4,4.0821809051485756E-4,0.024873649786938856
"James E. Baker",appointer,"Bill Clinton",6.640106241699867E-4,2.1418282803193454E-4,4.002138142302525E-6,0.0650730411686587
"Ross Wilson (ambassador)",president,"Bill Clinton",1.9819641264493112E-4,2.1418282803193454E-4,7.5040090168172345E-6,0.024873649786938856
"Lawrence Summers",president,"Bill Clinton",9.909820632246556E-5,2.1418282803193454E-4,3.5418922559377346E-4,0.024873649786938856
"Sharon P. Wilkinson",president,"Bill Clinton",9.909820632246556E-5,2.1418282803193454E-4,7.003741749029419E-6,0.024873649786938856
"Laurence Pope",president,"Bill Clinton",1.9819641264493112E-4,2.1418282803193454E-4,1.3507216230271022E-5,0.024873649786938856
"William Milam",president,"Bill Clinton",1.9819641264493112E-4,2.1418282803193454E-4,1.0005345355756313E-5,0.024873649786938856
"Geraldine Ferraro",president,"Bill Clinton",9.909820632246556E-5,2.1418282803193454E-4,2.146146578809729E-4,0.024873649786938856
"Donald J. McConnell",president,"Bill Clinton",1.9819641264493112E-4,2.1418282803193454E-4,8.00427628460505E-6,0.024873649786938856
"Donna Tanoue",president,"Bill Clinton",1.9819641264493112E-4,2.1418282803193454E-4,1.3006948962483206E-5,0.024873649786938856
"Rosemary Barkett",appointer,"Bill Clinton",6.640106241699867E-4,2.1418282803193454E-4,2.1011225247088257E-5,0.0650730411686587
"Stanley Tuemler Escudero",president,"Bill Clinton",1.9819641264493112E-4,2.1418282803193454E-4,2.7014432460542043E-5,0.024873649786938856
"George F. Ward",president,"Bill Clinton",9.909820632246556E-5,2.1418282803193454E-4,3.001603606726894E-6,0.024873649786938856
"Nancy Friedman Atlas",appointer,"Bill Clinton",6.640106241699867E-4,2.1418282803193454E-4,5.502939945665972E-6,0.0650730411686587
"Susan J. Dlott",appointer,"Bill Clinton",6.640106241699867E-4,2.1418282803193454E-4,8.504543552392866E-6,0.0650730411686587
"Joel Johnson (communications strategist)",knownFor,"Bill Clinton",3.587443946188341E-5,2.1418282803193454E-4,8.00427628460505E-6,1.0762331838565022E-4
"Tom Foley",president,"Bill Clinton",2.972946189673967E-4,2.1418282803193454E-4,1.2306574787580266E-4,0.024873649786938856
"Stanley Marcus (judge)",appointer,"Bill Clinton",6.640106241699867E-4,2.1418282803193454E-4,7.003741749029419E-6,0.0650730411686587
"Hillary Rodham Clinton",governor,"Bill Clinton",4.4169611307420494E-4,2.1418282803193454E-4,0.001044558055140959,0.0017667844522968198
"Colin Powell",president,"Bill Clinton",3.9639282528986224E-4,2.1418282803193454E-4,5.703046852781099E-4,0.024873649786938856
"Joseph Robert Goodwin",appointer,"Bill Clinton",6.640106241699867E-4,2.1418282803193454E-4,4.002138142302525E-6,0.0650730411686587
"Aída Álvarez",president,"Bill Clinton",9.909820632246556E-5,2.1418282803193454E-4,8.504543552392866E-6,0.024873649786938856
"David H. Shinn",president,"Bill Clinton",9.909820632246556E-5,2.1418282803193454E-4,8.00427628460505E-6,0.024873649786938856
"Richard Miles (diplomat)",president,"Bill Clinton",1.9819641264493112E-4,2.1418282803193454E-4,1.7509354372573547E-5,0.024873649786938856
"Arthur Levitt",president,"Bill Clinton",9.909820632246556E-5,2.1418282803193454E-4,9.505078087968498E-6,0.024873649786938856
"Robert L. Barry",president,"Bill Clinton",1.9819641264493112E-4,2.1418282803193454E-4,1.5008018033634469E-5,0.024873649786938856
"Dan Glickman",president,"Bill Clinton",9.909820632246556E-5,2.1418282803193454E-4,8.254409918498958E-5,0.024873649786938856
"Avis Bohlen",president,"Bill Clinton",9.909820632246556E-5,2.1418282803193454E-4,7.003741749029419E-6,0.024873649786938856
"Robert Manley Parker",appointer,"Bill Clinton",6.640106241699867E-4,2.1418282803193454E-4,1.3006948962483206E-5,0.0650730411686587
"Alfred H. Moses",president,"Bill Clinton",9.909820632246556E-5,2.1418282803193454E-4,1.1005879891331944E-5,0.024873649786938856
"Susan P. Graber",appointer,"Bill Clinton",6.640106241699867E-4,2.1418282803193454E-4,8.504543552392866E-6,0.0650730411686587
"Hazel R. O'Leary",president,"Bill Clinton",9.909820632246556E-5,2.1418282803193454E-4,3.802031235187399E-5,0.024873649786938856
"Carlos Murguia",appointer,"Bill Clinton",6.640106241699867E-4,2.1418282803193454E-4,4.002138142302525E-6,0.0650730411686587
"Frank E. Loy",president,"Bill Clinton",9.909820632246556E-5,2.1418282803193454E-4,2.3012294318239518E-5,0.024873649786938856
"Sheila Bair",president,"Bill Clinton",2.972946189673967E-4,2.1418282803193454E-4,8.604597005950429E-5,0.024873649786938856
"Strobe Talbott",president,"Bill Clinton",9.909820632246556E-5,2.1418282803193454E-4,4.252271776196433E-5,0.024873649786938856
"Arthur Winston",knownFor,"Bill Clinton",3.587443946188341E-5,2.1418282803193454E-4,3.451844147735928E-5,1.0762331838565022E-4
"Bill White (Texas politician)",president,"Bill Clinton",9.909820632246556E-5,2.1418282803193454E-4,1.1406093705562197E-4,0.024873649786938856
"Judith W. Rogers",appointer,"Bill Clinton",6.640106241699867E-4,2.1418282803193454E-4,5.002672677878157E-6,0.0650730411686587
"Marsha S. Berzon",appointer,"Bill Clinton",6.640106241699867E-4,2.1418282803193454E-4,5.002672677878157E-6,0.0650730411686587
"Carl E. Stewart",appointer,"Bill Clinton",6.640106241699867E-4,2.1418282803193454E-4,1.0005345355756313E-5,0.0650730411686587
"Jeffrey T. Miller",appointer,"Bill Clinton",6.640106241699867E-4,2.1418282803193454E-4,5.502939945665972E-6,0.0650730411686587
"Drew S. Days, III",president,"Bill Clinton",1.9819641264493112E-4,2.1418282803193454E-4,2.5013363389390782E-5,0.024873649786938856
"Carl Stokes",president,"Bill Clinton",9.909820632246556E-5,2.1418282803193454E-4,1.951042344372481E-5,0.024873649786938856
"Barry McCaffrey",president,"Bill Clinton",9.909820632246556E-5,2.1418282803193454E-4,1.3507216230271022E-5,0.024873649786938856
"Dennis Hastert",president,"Bill Clinton",1.9819641264493112E-4,2.1418282803193454E-4,1.8009621640361362E-4,0.024873649786938856
"William Jefferson Blythe, Jr.",child,"Bill Clinton",9.8833761612967E-5,2.1418282803193454E-4,2.0010690711512626E-5,1.97667523225934E-4
"Betty E. King",president,"Bill Clinton",2.972946189673967E-4,2.1418282803193454E-4,8.504543552392866E-6,0.024873649786938856
"Vice presidency of Al Gore",president,"Bill Clinton",9.909820632246556E-5,2.1418282803193454E-4,2.9015501531693307E-5,0.024873649786938856
"George Tenet",president,"Bill Clinton",1.9819641264493112E-4,2.1418282803193454E-4,1.98105838043975E-4,0.024873649786938856
"Evelyn S. Lieberman",president,"Bill Clinton",9.909820632246556E-5,2.1418282803193454E-4,1.0005345355756313E-5,0.024873649786938856
"Bruce Babbitt",president,"Bill Clinton",9.909820632246556E-5,2.1418282803193454E-4,9.304971180853372E-5,0.024873649786938856
"Delano Lewis",president,"Bill Clinton",9.909820632246556E-5,2.1418282803193454E-4,8.504543552392866E-6,0.024873649786938856
"Harold Hongju Koh",president,"Bill Clinton",1.9819641264493112E-4,2.1418282803193454E-4,2.581379101785129E-4,0.024873649786938856
"Winston Bryant",governor,"Bill Clinton",8.833922261484099E-4,2.1418282803193454E-4,1.1005879891331944E-5,0.0017667844522968198
"Robert M. Kimmitt",president,"Bill Clinton",2.972946189673967E-4,2.1418282803193454E-4,5.7030468527810984E-5,0.024873649786938856
"Eric Holder",president,"Bill Clinton",1.9819641264493112E-4,2.1418282803193454E-4,3.3017639673995833E-4,0.024873649786938856
"Richard N. Gardner",president,"Bill Clinton",1.9819641264493112E-4,2.1418282803193454E-4,2.0010690711512626E-5,0.024873649786938856
"Carol Moseley Braun",appointer,"Bill Clinton",6.640106241699867E-4,2.1418282803193454E-4,9.455051361189716E-5,0.0650730411686587
"Alice Rivlin",president,"Bill Clinton",9.909820632246556E-5,2.1418282803193454E-4,3.902084688744962E-5,0.024873649786938856
"Jimmy J. Kolker",president,"Bill Clinton",1.9819641264493112E-4,2.1418282803193454E-4,8.00427628460505E-6,0.024873649786938856
"Madeleine M. Kunin",president,"Bill Clinton",9.909820632246556E-5,2.1418282803193454E-4,1.2756815328589298E-4,0.024873649786938856
"Susan Rice",president,"Bill Clinton",1.9819641264493112E-4,2.1418282803193454E-4,2.2562053777230485E-4,0.024873649786938856
"Erskine Bowles",president,"Bill Clinton",9.909820632246556E-5,2.1418282803193454E-4,8.204383191720177E-5,0.024873649786938856
"Laura Tyson",president,"Bill Clinton",9.909820632246556E-5,2.1418282803193454E-4,1.0505612623544128E-4,0.024873649786938856
"James Robert Jones",president,"Bill Clinton",1.9819641264493112E-4,2.1418282803193454E-4,2.5013363389390782E-5,0.024873649786938856
"Stephen Breyer",appointer,"Bill Clinton",6.640106241699867E-4,2.1418282803193454E-4,1.9360343263388465E-4,0.0650730411686587
"Ron Brown (U.S. politician)",president,"Bill Clinton",9.909820632246556E-5,2.1418282803193454E-4,1.0755746257438036E-4,0.024873649786938856
"Barry G. Silverman",appointer,"Bill Clinton",6.640106241699867E-4,2.1418282803193454E-4,6.003207213453788E-6,0.0650730411686587
"Frank G. Wisner",president,"Bill Clinton",3.9639282528986224E-4,2.1418282803193454E-4,9.004810820180681E-5,0.024873649786938856
"Sandra Louise Vogelgesang",president,"Bill Clinton",9.909820632246556E-5,2.1418282803193454E-4,8.00427628460505E-6,0.024873649786938856
"William J. Lynn III",president,"Bill Clinton",1.9819641264493112E-4,2.1418282803193454E-4,1.700908710478573E-5,0.024873649786938856
"F. Whitten Peters",president,"Bill Clinton",9.909820632246556E-5,2.1418282803193454E-4,1.1506147159119759E-5,0.024873649786938856
"Robert D. Sack",appointer,"Bill Clinton",6.640106241699867E-4,2.1418282803193454E-4,7.003741749029419E-6,0.0650730411686587
"Jack Quinn (lawyer)",president,"Bill Clinton",9.909820632246556E-5,2.1418282803193454E-4,9.004810820180681E-6,0.024873649786938856
"James L. Dennis",appointer,"Bill Clinton",6.640106241699867E-4,2.1418282803193454E-4,1.1005879891331944E-5,0.0650730411686587
"Mel Sembler",president,"Bill Clinton",2.972946189673967E-4,2.1418282803193454E-4,3.101657060284457E-5,0.024873649786938856
"Robert Ray (prosecutor)",president,"Bill Clinton",9.909820632246556E-5,2.1418282803193454E-4,9.004810820180681E-6,0.024873649786938856
"Roger Gregory",appointer,"Bill Clinton",6.640106241699867E-4,2.1418282803193454E-4,7.5040090168172345E-6,0.0650730411686587
"Mary Ann Casey",president,"Bill Clinton",9.909820632246556E-5,2.1418282803193454E-4,8.00427628460505E-6,0.024873649786938856
"Beth Nolan",president,"Bill Clinton",9.909820632246556E-5,2.1418282803193454E-4,1.4007483498058839E-5,0.024873649786938856
"Janet C. Hall",appointer,"Bill Clinton",6.640106241699867E-4,2.1418282803193454E-4,5.502939945665972E-6,0.0650730411686587
"James L. Jones",president,"Bill Clinton",2.972946189673967E-4,2.1418282803193454E-4,2.4162909034151496E-4,0.024873649786938856
"Martha Craig Daughtrey",appointer,"Bill Clinton",6.640106241699867E-4,2.1418282803193454E-4,6.003207213453788E-6,0.0650730411686587
"Jim Guy Tucker",governor,"Bill Clinton",0.001325088339222615,2.1418282803193454E-4,1.7209194011900858E-4,0.0017667844522968198
"Ronald M. Gould",appointer,"Bill Clinton",6.640106241699867E-4,2.1418282803193454E-4,5.002672677878157E-6,0.0650730411686587
"Robert Timlin",appointer,"Bill Clinton",6.640106241699867E-4,2.1418282803193454E-4,5.502939945665972E-6,0.0650730411686587
"John David Kelly",appointer,"Bill Clinton",6.640106241699867E-4,2.1418282803193454E-4,9.004810820180681E-6,0.0650730411686587
"Melvyn Levitsky",president,"Bill Clinton",1.9819641264493112E-4,2.1418282803193454E-4,1.2006414426907576E-5,0.024873649786938856
"Lloyd Cutler",president,"Bill Clinton",1.9819641264493112E-4,2.1418282803193454E-4,4.6024588636479036E-5,0.024873649786938856
"Johnny Young (diplomat)",president,"Bill Clinton",2.972946189673967E-4,2.1418282803193454E-4,1.4507750765846654E-5,0.024873649786938856
"William A. Fletcher",appointer,"Bill Clinton",6.640106241699867E-4,2.1418282803193454E-4,6.003207213453788E-6,0.0650730411686587
"Ronald Lee Gilman",appointer,"Bill Clinton",6.640106241699867E-4,2.1418282803193454E-4,7.003741749029419E-6,0.0650730411686587
"Karen Nelson Moore",appointer,"Bill Clinton",6.640106241699867E-4,2.1418282803193454E-4,3.001603606726894E-6,0.0650730411686587
"Norman Mineta",president,"Bill Clinton",1.9819641264493112E-4,2.1418282803193454E-4,1.9610476897282374E-4,0.024873649786938856
"Lee P. Brown",president,"Bill Clinton",9.909820632246556E-5,2.1418282803193454E-4,3.101657060284457E-5,0.024873649786938856
"Hillary Rodham Clinton",spouse,"Bill Clinton",4.0749796251018746E-5,2.1418282803193454E-4,0.001044558055140959,4.0749796251018746E-5
"Cameron R. Hume",president,"Bill Clinton",1.9819641264493112E-4,2.1418282803193454E-4,1.4507750765846654E-5,0.024873649786938856
"Glenn A. Fine",appointer,"Bill Clinton",6.640106241699867E-4,2.1418282803193454E-4,2.2011759782663887E-5,0.0650730411686587
"Dan A. Polster",appointer,"Bill Clinton",6.640106241699867E-4,2.1418282803193454E-4,3.5018708745147096E-6,0.0650730411686587
"Walter Mondale",president,"Bill Clinton",1.9819641264493112E-4,2.1418282803193454E-4,4.502405410090341E-4,0.024873649786938856
"Lindy Boggs",president,"Bill Clinton",9.909820632246556E-5,2.1418282803193454E-4,4.6024588636479036E-5,0.024873649786938856
"James Richard Cheek",president,"Bill Clinton",1.9819641264493112E-4,2.1418282803193454E-4,8.00427628460505E-6,0.024873649786938856
"Jon DeGuilio",president,"Bill Clinton",9.909820632246556E-5,2.1418282803193454E-4,1.0005345355756313E-5,0.024873649786938856
"W. Robert Pearson",president,"Bill Clinton",1.9819641264493112E-4,2.1418282803193454E-4,9.505078087968498E-6,0.024873649786938856
"Abner J. Mikva",president,"Bill Clinton",9.909820632246556E-5,2.1418282803193454E-4,4.5024054100903405E-5,0.024873649786938856
"Jim Guy Tucker",successor,"Bill Clinton",4.259608967896747E-5,2.1418282803193454E-4,1.7209194011900858E-4,5.679478623862329E-5
"Clifton R. Wharton, Jr.",president,"Bill Clinton",9.909820632246556E-5,2.1418282803193454E-4,2.4012828853815152E-5,0.024873649786938856
"Antonia Novello",president,"Bill Clinton",1.9819641264493112E-4,2.1418282803193454E-4,1.700908710478573E-5,0.024873649786938856
"John Kerr, Baron Kerr of Kinlochard",president,"Bill Clinton",3.9639282528986224E-4,2.1418282803193454E-4,2.7014432460542043E-5,0.024873649786938856
"James Hormel",president,"Bill Clinton",9.909820632246556E-5,2.1418282803193454E-4,6.003207213453788E-6,0.024873649786938856
"David C. Halsted",president,"Bill Clinton",9.909820632246556E-5,2.1418282803193454E-4,1.1005879891331944E-5,0.024873649786938856
"Steve Ricchetti",president,"Bill Clinton",9.909820632246556E-5,2.1418282803193454E-4,3.001603606726894E-6,0.024873649786938856
"Bill Halter",president,"Bill Clinton",9.909820632246556E-5,2.1418282803193454E-4,1.2506681694695391E-5,0.024873649786938856
"Clay Constantinou",president,"Bill Clinton",9.909820632246556E-5,2.1418282803193454E-4,1.0505612623544128E-5,0.024873649786938856
"Al Gore",president,"Bill Clinton",9.909820632246556E-5,2.1418282803193454E-4,6.24333550199194E-4,0.024873649786938856
"Al Gore presidential campaign, 2000",incumbent,"Bill Clinton",0.008695652173913044,2.1418282803193454E-4,1.0505612623544128E-5,0.008695652173913044
"Frank C. Damrell Jr.",appointer,"Bill Clinton",6.640106241699867E-4,2.1418282803193454E-4,6.503474481241603E-6,0.0650730411686587
"R. Barrie Walkley",president,"Bill Clinton",1.9819641264493112E-4,2.1418282803193454E-4,5.502939945665972E-6,0.024873649786938856
"Mickey Kantor",president,"Bill Clinton",9.909820632246556E-5,2.1418282803193454E-4,8.104329738162614E-5,0.024873649786938856
"Bob Krueger",president,"Bill Clinton",9.909820632246556E-5,2.1418282803193454E-4,7.35392883648089E-5,0.024873649786938856
"Keith R. Hall",president,"Bill Clinton",1.9819641264493112E-4,2.1418282803193454E-4,6.503474481241603E-6,0.024873649786938856
"K. Terry Dornbush",president,"Bill Clinton",9.909820632246556E-5,2.1418282803193454E-4,5.002672677878157E-6,0.024873649786938856
"Kim McLane Wardlaw",appointer,"Bill Clinton",6.640106241699867E-4,2.1418282803193454E-4,1.0005345355756313E-5,0.0650730411686587
"Frank Almaguer",president,"Bill Clinton",1.9819641264493112E-4,2.1418282803193454E-4,9.505078087968498E-6,0.024873649786938856
"Federico Peña",president,"Bill Clinton",9.909820632246556E-5,2.1418282803193454E-4,6.753608115135511E-5,0.024873649786938856
"Bill Richardson",president,"Bill Clinton",9.909820632246556E-5,2.1418282803193454E-4,2.581379101785129E-4,0.024873649786938856
"Guido Calabresi",appointer,"Bill Clinton",6.640106241699867E-4,2.1418282803193454E-4,4.002138142302525E-5,0.0650730411686587
"Fernando Torres-Gil",president,"Bill Clinton",9.909820632246556E-5,2.1418282803193454E-4,7.5040090168172345E-6,0.024873649786938856
"Julio M. Fuentes",appointer,"Bill Clinton",6.640106241699867E-4,2.1418282803193454E-4,5.002672677878157E-6,0.0650730411686587
"Lloyd Bentsen",president,"Bill Clinton",9.909820632246556E-5,2.1418282803193454E-4,2.696440573376326E-4,0.024873649786938856
"Kenneth Yalowitz",president,"Bill Clinton",9.909820632246556E-5,2.1418282803193454E-4,1.2506681694695391E-5,0.024873649786938856
"Edward M. Gabriel",president,"Bill Clinton",9.909820632246556E-5,2.1418282803193454E-4,5.002672677878157E-6,0.024873649786938856
"George H. W. Bush",successor,"Bill Clinton",9.939087591759076E-5,2.1418282803193454E-4,6.24333550199194E-4,5.679478623862329E-5
"Eldon E. Fallon",appointer,"Bill Clinton",6.640106241699867E-4,2.1418282803193454E-4,6.503474481241603E-6,0.0650730411686587
"Paul K. Holmes III",president,"Bill Clinton",9.909820632246556E-5,2.1418282803193454E-4,7.003741749029419E-6,0.024873649786938856
"Ronald E. Neumann",president,"Bill Clinton",1.9819641264493112E-4,2.1418282803193454E-4,2.9015501531693307E-5,0.024873649786938856
"Martin C. Faga",president,"Bill Clinton",9.909820632246556E-5,2.1418282803193454E-4,5.502939945665972E-6,0.024873649786938856
"William Perry",president,"Bill Clinton",9.909820632246556E-5,2.1418282803193454E-4,1.665890001733426E-4,0.024873649786938856
"Franklin Raines",president,"Bill Clinton",9.909820632246556E-5,2.1418282803193454E-4,2.9015501531693307E-5,0.024873649786938856
"Carl Barbier",appointer,"Bill Clinton",6.640106241699867E-4,2.1418282803193454E-4,5.502939945665972E-6,0.0650730411686587
"John Podesta",president,"Bill Clinton",9.909820632246556E-5,2.1418282803193454E-4,7.754142650711143E-5,0.024873649786938856
"Richard Paez",appointer,"Bill Clinton",6.640106241699867E-4,2.1418282803193454E-4,7.003741749029419E-6,0.0650730411686587
"Peter D. Feaver",president,"Bill Clinton",1.9819641264493112E-4,2.1418282803193454E-4,1.7509354372573547E-5,0.024873649786938856
"Joycelyn Elders",president,"Bill Clinton",9.909820632246556E-5,2.1418282803193454E-4,1.2506681694695391E-5,0.024873649786938856
"Anne W. Patterson",president,"Bill Clinton",2.972946189673967E-4,2.1418282803193454E-4,6.203314120568914E-5,0.024873649786938856
"Togo D. West, Jr.",president,"Bill Clinton",9.909820632246556E-5,2.1418282803193454E-4,6.903688295471856E-5,0.024873649786938856
"Joseph H. McKinley Jr.",appointer,"Bill Clinton",6.640106241699867E-4,2.1418282803193454E-4,5.502939945665972E-6,0.0650730411686587
"Robert Bruce King",appointer,"Bill Clinton",6.640106241699867E-4,2.1418282803193454E-4,4.002138142302525E-6,0.0650730411686587
"Eric L. Clay",appointer,"Bill Clinton",6.640106241699867E-4,2.1418282803193454E-4,5.002672677878157E-6,0.0650730411686587
"Hillary Rodham Clinton",president,"Bill Clinton",1.9819641264493112E-4,2.1418282803193454E-4,0.001044558055140959,0.024873649786938856
"Donald C. Nugent",appointer,"Bill Clinton",6.640106241699867E-4,2.1418282803193454E-4,5.502939945665972E-6,0.0650730411686587
"Richard W. Story",appointer,"Bill Clinton",6.640106241699867E-4,2.1418282803193454E-4,5.502939945665972E-6,0.0650730411686587
"Raymond Flynn",president,"Bill Clinton",9.909820632246556E-5,2.1418282803193454E-4,2.7014432460542043E-5,0.024873649786938856
"Roger W. Ferguson, Jr.",president,"Bill Clinton",1.9819641264493112E-4,2.1418282803193454E-4,3.351790694178365E-5,0.024873649786938856
"Dick Celeste",president,"Bill Clinton",2.972946189673967E-4,2.1418282803193454E-4,5.853127033117443E-5,0.024873649786938856
"Edward P. Brynn",president,"Bill Clinton",1.9819641264493112E-4,2.1418282803193454E-4,8.00427628460505E-6,0.024873649786938856
"Joe Purcell",successor,"Bill Clinton",4.259608967896747E-5,2.1418282803193454E-4,6.803634841914293E-5,5.679478623862329E-5
"Diana E. Murphy",appointer,"Bill Clinton",6.640106241699867E-4,2.1418282803193454E-4,7.5040090168172345E-6,0.0650730411686587
"William S. Sessions",president,"Bill Clinton",2.972946189673967E-4,2.1418282803193454E-4,2.8515234263905492E-5,0.024873649786938856
"Janet Reno",president,"Bill Clinton",9.909820632246556E-5,2.1418282803193454E-4,7.604062470374798E-5,0.024873649786938856
"Alan Greenspan",president,"Bill Clinton",4.954910316123278E-4,2.1418282803193454E-4,5.34285441997387E-4,0.024873649786938856
"Audrey G. Fleissig",president,"Bill Clinton",9.909820632246556E-5,2.1418282803193454E-4,9.004810820180681E-6,0.024873649786938856
"Mary Beth Cahill",president,"Bill Clinton",9.909820632246556E-5,2.1418282803193454E-4,1.1005879891331944E-5,0.024873649786938856
"Jesse Brown",president,"Bill Clinton",9.909820632246556E-5,2.1418282803193454E-4,7.754142650711143E-5,0.024873649786938856
"Richard Linn",appointer,"Bill Clinton",6.640106241699867E-4,2.1418282803193454E-4,7.003741749029419E-6,0.0650730411686587
"Helen Ginger Berrigan",appointer,"Bill Clinton",6.640106241699867E-4,2.1418282803193454E-4,6.503474481241603E-6,0.0650730411686587
"Peter W. Galbraith",president,"Bill Clinton",9.909820632246556E-5,2.1418282803193454E-4,4.2022450494176514E-5,0.024873649786938856
"Jeffrey Davidow",president,"Bill Clinton",1.9819641264493112E-4,2.1418282803193454E-4,3.451844147735928E-5,0.024873649786938856
"Christopher E. Goldthwait",president,"Bill Clinton",1.9819641264493112E-4,2.1418282803193454E-4,1.0005345355756313E-5,0.024873649786938856
"Michael Hayden (general)",president,"Bill Clinton",2.972946189673967E-4,2.1418282803193454E-4,2.881539462457818E-4,0.024873649786938856
"Rose M. Likins",president,"Bill Clinton",1.9819641264493112E-4,2.1418282803193454E-4,1.700908710478573E-5,0.024873649786938856
"Fortunato Benavides",appointer,"Bill Clinton",6.640106241699867E-4,2.1418282803193454E-4,6.003207213453788E-6,0.0650730411686587
"Kenneth Minihan",president,"Bill Clinton",9.909820632246556E-5,2.1418282803193454E-4,5.853127033117443E-5,0.024873649786938856
"Nancy Halliday Ely-Raphel",president,"Bill Clinton",9.909820632246556E-5,2.1418282803193454E-4,9.004810820180681E-6,0.024873649786938856
"Mary Ann Vial Lemmon",appointer,"Bill Clinton",6.640106241699867E-4,2.1418282803193454E-4,6.503474481241603E-6,0.0650730411686587
"James G. Carr",appointer,"Bill Clinton",6.640106241699867E-4,2.1418282803193454E-4,5.502939945665972E-6,0.0650730411686587
"Johnnie Carson",president,"Bill Clinton",2.972946189673967E-4,2.1418282803193454E-4,2.5013363389390782E-5,0.024873649786938856
"Jerry MacArthur Hultin",president,"Bill Clinton",9.909820632246556E-5,2.1418282803193454E-4,1.2006414426907576E-5,0.024873649786938856
"Jane Garvey (aviation administrator)",president,"Bill Clinton",1.9819641264493112E-4,2.1418282803193454E-4,1.3507216230271022E-5,0.024873649786938856
"Raymond Kelly",president,"Bill Clinton",9.909820632246556E-5,2.1418282803193454E-4,3.7019777816298355E-5,0.024873649786938856
"Robert Pelletreau",president,"Bill Clinton",3.9639282528986224E-4,2.1418282803193454E-4,1.4007483498058839E-5,0.024873649786938856
"Lacy Thornburg",appointer,"Bill Clinton",6.640106241699867E-4,2.1418282803193454E-4,7.003741749029419E-6,0.0650730411686587
"Susan Tierney",president,"Bill Clinton",9.909820632246556E-5,2.1418282803193454E-4,9.004810820180681E-6,0.024873649786938856
"Stanwood Duval",appointer,"Bill Clinton",6.640106241699867E-4,2.1418282803193454E-4,7.5040090168172345E-6,0.0650730411686587
"Okla Jones II",appointer,"Bill Clinton",6.640106241699867E-4,2.1418282803193454E-4,7.5040090168172345E-6,0.0650730411686587
"Mark Gearan",president,"Bill Clinton",9.909820632246556E-5,2.1418282803193454E-4,9.505078087968498E-6,0.024873649786938856
"Alan Blinken",president,"Bill Clinton",9.909820632246556E-5,2.1418282803193454E-4,9.004810820180681E-6,0.024873649786938856
"R. Nicholas Burns",president,"Bill Clinton",1.9819641264493112E-4,2.1418282803193454E-4,6.203314120568914E-5,0.024873649786938856
"Caldwell Esselstyn",influenced,"Bill Clinton",1.8779342723004695E-4,2.1418282803193454E-4,3.0016036067268938E-5,9.389671361502347E-5
"Edward Jurith",president,"Bill Clinton",1.9819641264493112E-4,2.1418282803193454E-4,3.001603606726894E-6,0.024873649786938856
"James R. Clapper",president,"Bill Clinton",3.9639282528986224E-4,2.1418282803193454E-4,1.0605666077101691E-4,0.024873649786938856
"Jack Lew",president,"Bill Clinton",1.9819641264493112E-4,2.1418282803193454E-4,2.2562053777230485E-4,0.024873649786938856
"Buddy MacKay",president,"Bill Clinton",9.909820632246556E-5,2.1418282803193454E-4,1.0405559169986565E-4,0.024873649786938856
"William Joseph Burns",president,"Bill Clinton",2.972946189673967E-4,2.1418282803193454E-4,9.25494445407459E-5,0.024873649786938856
"Jean Kennedy Smith",president,"Bill Clinton",9.909820632246556E-5,2.1418282803193454E-4,1.760940782613111E-4,0.024873649786938856
"Cynthia P. Schneider",president,"Bill Clinton",9.909820632246556E-5,2.1418282803193454E-4,1.3507216230271022E-5,0.024873649786938856
"Robert Rubin",president,"Bill Clinton",1.9819641264493112E-4,2.1418282803193454E-4,3.421828111668659E-4,0.024873649786938856
"Louis Freeh",president,"Bill Clinton",1.9819641264493112E-4,2.1418282803193454E-4,2.8014966996117677E-5,0.024873649786938856
"R. James Woolsey, Jr.",president,"Bill Clinton",9.909820632246556E-5,2.1418282803193454E-4,1.0505612623544128E-4,0.024873649786938856
"Louis Caldera",president,"Bill Clinton",1.9819641264493112E-4,2.1418282803193454E-4,9.004810820180681E-5,0.024873649786938856
"M. James Lorenz",appointer,"Bill Clinton",6.640106241699867E-4,2.1418282803193454E-4,6.503474481241603E-6,0.0650730411686587
"James H. Billington",president,"Bill Clinton",4.954910316123278E-4,2.1418282803193454E-4,6.753608115135511E-5,0.024873649786938856
"Henry Cisneros",president,"Bill Clinton",9.909820632246556E-5,2.1418282803193454E-4,5.853127033117443E-5,0.024873649786938856
"Anthony Lake",president,"Bill Clinton",9.909820632246556E-5,2.1418282803193454E-4,1.3207055869598333E-4,0.024873649786938856
"Frank M. Hull",appointer,"Bill Clinton",6.640106241699867E-4,2.1418282803193454E-4,5.002672677878157E-6,0.0650730411686587
"Ada Deer",president,"Bill Clinton",9.909820632246556E-5,2.1418282803193454E-4,1.8509888908149177E-5,0.024873649786938856
"Jim Sasser",president,"Bill Clinton",9.909820632246556E-5,2.1418282803193454E-4,1.700908710478573E-5,0.024873649786938856
"Garr King",appointer,"Bill Clinton",6.640106241699867E-4,2.1418282803193454E-4,6.003207213453788E-6,0.0650730411686587
"William Jefferson Clinton",wikiPageRedirects,"Bill Clinton",1.6734289932283022E-7,2.1418282803193454E-4,1.0005345355756313E-6,7.53043046952736E-6
"James Franklin Collins",president,"Bill Clinton",9.909820632246556E-5,2.1418282803193454E-4,4.5024054100903405E-6,0.024873649786938856
"Gordon Giffin",president,"Bill Clinton",9.909820632246556E-5,2.1418282803193454E-4,1.0005345355756313E-5,0.024873649786938856
"Wyche Fowler",president,"Bill Clinton",1.9819641264493112E-4,2.1418282803193454E-4,4.2022450494176514E-5,0.024873649786938856
"Robert Finn (diplomat)",president,"Bill Clinton",2.972946189673967E-4,2.1418282803193454E-4,1.2506681694695391E-5,0.024873649786938856
"Diana Gribbon Motz",appointer,"Bill Clinton",6.640106241699867E-4,2.1418282803193454E-4,6.003207213453788E-6,0.0650730411686587
"Diane Wood",appointer,"Bill Clinton",6.640106241699867E-4,2.1418282803193454E-4,7.804169377489924E-5,0.0650730411686587
"Seth P. Waxman",president,"Bill Clinton",9.909820632246556E-5,2.1418282803193454E-4,1.700908710478573E-5,0.024873649786938856
"Robert H. Whaley",appointer,"Bill Clinton",6.640106241699867E-4,2.1418282803193454E-4,5.502939945665972E-6,0.0650730411686587
"Thomas J. Whelan (judge)",appointer,"Bill Clinton",6.640106241699867E-4,2.1418282803193454E-4,5.502939945665972E-6,0.0650730411686587
"Timothy B. Dyk",appointer,"Bill Clinton",6.640106241699867E-4,2.1418282803193454E-4,3.001603606726894E-6,0.0650730411686587
"Stuart M. Gerson",president,"Bill Clinton",9.909820632246556E-5,2.1418282803193454E-4,4.002138142302525E-6,0.024873649786938856
"Kermit Edward Bye",appointer,"Bill Clinton",6.640106241699867E-4,2.1418282803193454E-4,4.002138142302525E-6,0.0650730411686587
"Mary Ellen Withrow",president,"Bill Clinton",9.909820632246556E-5,2.1418282803193454E-4,6.503474481241603E-6,0.024873649786938856
"Minnijean Brown-Trickey",president,"Bill Clinton",9.909820632246556E-5,2.1418282803193454E-4,7.5040090168172345E-6,0.024873649786938856
"Harriet Elam-Thomas",president,"Bill Clinton",1.9819641264493112E-4,2.1418282803193454E-4,1.5008018033634469E-5,0.024873649786938856
"M. Margaret McKeown",appointer,"Bill Clinton",6.640106241699867E-4,2.1418282803193454E-4,9.505078087968498E-6,0.0650730411686587
"Paul Carey (politician)",knownFor,"Bill Clinton",3.587443946188341E-5,2.1418282803193454E-4,6.003207213453788E-6,1.0762331838565022E-4
"William Haskell Alsup",appointer,"Bill Clinton",6.640106241699867E-4,2.1418282803193454E-4,5.502939945665972E-6,0.0650730411686587
"Marc Grossman",president,"Bill Clinton",2.972946189673967E-4,2.1418282803193454E-4,3.902084688744962E-5,0.024873649786938856
"Richard Riley",president,"Bill Clinton",9.909820632246556E-5,2.1418282803193454E-4,1.3257082596377113E-4,0.024873649786938856
"Hershel W. Gober",president,"Bill Clinton",9.909820632246556E-5,2.1418282803193454E-4,9.405024634410935E-5,0.024873649786938856
